id,name,email,gender
1,Dud,dishak0@alexa.com,Male
2,Jolyn,jbragg1@go.com,Genderqueer
3,Sallie,sgaw2@mit.edu,Female
4,Belle,bdebiasi3@ucla.edu,Female
5,Bing,bfilov4@engadget.com,Male
6,West,wdouberday5@mozilla.org,Male
7,Marion,mnorthridge6@newsvine.com,Female
8,Hillary,hwhittle7@free.fr,Non-binary
9,Standford,ssemour8@live.com,Genderqueer
10,Babs,borridge9@exblog.jp,Female
11,Arliene,adunnetta@microsoft.com,Female
12,Anabal,abickb@icq.com,Female
13,Thelma,thoodlassc@ucsd.edu,Female
14,Othello,osperrettd@feedburner.com,Male
15,Kristal,kherchee@cbslocal.com,Female
16,Archibaldo,agoldbergf@ted.com,Male
17,Traver,tsutherang@wired.com,Male
18,Noelani,nbaggallyh@discuz.net,Female
19,Maye,mpeetermanni@rambler.ru,Female
20,Barbara,bcoleyshawj@unc.edu,Agender
21,Fania,frewank@msu.edu,Female
22,Wolfgang,woakesl@illinois.edu,Male
23,Ade,aotimonym@gov.uk,Male
24,Cherrita,cdyersn@wikimedia.org,Female
25,Ram,rpicknetto@sitemeter.com,Male
26,Lauree,lwelbelovep@wikipedia.org,Female
27,Christie,cfleischerq@earthlink.net,Male
28,Winthrop,whammr@virginia.edu,Male
29,Cedric,cthrings@cpanel.net,Male
30,Lenci,lskipseyt@oaic.gov.au,Male
31,Marna,mbreenu@gravatar.com,Female
32,Moss,mdoretv@flavors.me,Male
33,Goldie,ggarlandw@webeden.co.uk,Female
34,Arlena,aarmytagex@cocolog-nifty.com,Female
35,Ianthe,ihamleny@sakura.ne.jp,Bigender
36,Mame,mkenworthz@gmpg.org,Female
37,Joletta,jokeefe10@artisteer.com,Female
38,Demetris,dgolby11@privacy.gov.au,Female
39,Brianna,bbenez12@ustream.tv,Female
40,Gratia,gmahedy13@sbwire.com,Female
41,Allissa,akensall14@de.vu,Female
42,Ingaberg,ilaba15@jalbum.net,Female
43,Glory,gbabalola16@deviantart.com,Bigender
44,Yorke,yhemms17@phpbb.com,Male
45,Haskel,hnajara18@twitpic.com,Male
46,Lennie,lportress19@seesaa.net,Male
47,Fabian,fgoodoune1a@yellowbook.com,Male
48,Valentin,vlambarton1b@ebay.com,Male
49,Colas,cabrahamsen1c@deviantart.com,Polygender
50,Christabella,coscully1d@samsung.com,Female
51,Bennie,btrinke1e@hatena.ne.jp,Non-binary
52,Cristian,cmackleden1f@wufoo.com,Male
53,Rufus,rsantello1g@trellian.com,Male
54,Smith,ssongust1h@prlog.org,Male
55,Jeni,jrodger1i@cnet.com,Genderqueer
56,Constanta,ccomiam1j@who.int,Female
57,Burty,bcutbirth1k@domainmarket.com,Male
58,Keefer,kcaddie1l@nsw.gov.au,Male
59,Jarib,jankers1m@linkedin.com,Male
60,Nikita,nrennolds1n@arizona.edu,Male
61,Norris,nmillson1o@bizjournals.com,Male
62,Tait,toculligan1p@biglobe.ne.jp,Male
63,Mabel,mferrarone1q@slate.com,Female
64,Shepherd,sdoud1r@uiuc.edu,Male
65,Alvin,alarmour1s@hatena.ne.jp,Male
66,May,mtellwright1t@youtu.be,Female
67,Bret,bvallens1u@tumblr.com,Male
68,Gertrudis,gcreavan1v@biglobe.ne.jp,Female
69,Bev,bbolino1w@bbb.org,Polygender
70,Gilberte,ghedgeman1x@topsy.com,Female
71,Alf,ahacquoil1y@rambler.ru,Male
72,Clemens,cgallager1z@bbc.co.uk,Male
73,Ezra,ekares20@unc.edu,Male
74,Ugo,ucoom21@symantec.com,Male
75,Arthur,aruggiero22@phpbb.com,Male
76,Rockey,rkindall23@elpais.com,Male
77,Rurik,rfarrear24@symantec.com,Male
78,Nichole,ndillow25@techcrunch.com,Male
79,Jorge,jbrydie26@people.com.cn,Male
80,Albrecht,adefries27@noaa.gov,Male
81,Murvyn,mlongstaff28@webs.com,Male
82,Ewan,ecrosland29@cloudflare.com,Male
83,Jacynth,jweond2a@google.ru,Female
84,Genni,gbuttgow2b@360.cn,Female
85,Ardelis,aloyley2c@free.fr,Female
86,Sholom,sfurtado2d@jiathis.com,Male
87,Hedwig,hlinn2e@redcross.org,Female
88,Rutherford,rblacksell2f@usgs.gov,Male
89,Rice,rscrinage2g@statcounter.com,Male
90,Kerry,kkleynen2h@unicef.org,Male
91,Deny,dfrisel2i@e-recht24.de,Female
92,Julee,jchaff2j@youtu.be,Female
93,Georgie,geakly2k@squidoo.com,Male
94,Euell,esnoddy2l@blogger.com,Male
95,Daffie,djarrold2m@barnesandnoble.com,Female
96,Elysia,efrewer2n@blinklist.com,Female
97,Kimball,kmanie2o@geocities.jp,Male
98,Durand,dperell2p@unc.edu,Male
99,Greta,ghaigh2q@vimeo.com,Female
100,Oberon,oworswick2r@cnet.com,Male
101,Martin,mridesdale2s@mit.edu,Male
